date,title,count,url,description
2020.11.06.,물체 이동 시간 거리 질문이요,70,https://kin.naver.com/qna/detail.nhn?d1id=11&dirId=110204&docId=372571130&qb=66y87LK0MQ==&enc=utf8§ion=kin.qna&rank=2&search_sort=3&spq=0,세라믹롤러 52Φ 1개가360 도 회전할때 A 물체가 이동하는 속도 거리 계산할수있나요..?답변 부탁드립니다 50 내공 걸게요
2020.10.26.,이 선물은 대체 뭘까요?,69,https://kin.naver.com/qna/detail.nhn?d1id=11&dirId=110204&docId=371726479&qb=66y87LK0MQ==&enc=utf8§ion=kin.qna&rank=5&search_sort=3&spq=0,1. ㅈ이랑 관련이 있습니다2. 3글자 입니다3. 레벨 업을 할 수 있습니다. 4. 물체라고는 할 수 없지만 물체랍니다5. 가장 큰 힌트는 선물이랍니다 너무 어렵게 생각하지 말고 간단하게 생각하세요 뭘까요 대체?
2020.11.10.,초등4학년 과학 3단원 그림자와거울(급함),88,https://kin.naver.com/qna/detail.nhn?d1id=11&dirId=110204&docId=372372046&qb=66y87LK0Mw==&enc=utf8§ion=kin.qna&rank=2&search_sort=3&spq=0,그림자를 만들때 물체하나에 불을 켠 손전등 두 개를 비추면 물체의 그림자는 어떻게 되나요?
2020.10.05.,6학년 과학 전지회로 만들기(사진 첨부함),81,https://kin.naver.com/qna/detail.nhn?d1id=11&dirId=110204&docId=369848725&qb=66y87LK0Mw==&enc=utf8§ion=kin.qna&rank=6&search_sort=3&spq=0,다 만들긴 만들었는데 원래는 뒤에 클립을 꽂아야 불이 들어와야 되는건데 손이 닿거나 다른 물체가 구리테이프에 닿아도 불이 들어와요첫번째 사진은 설명서고 두번째 사진은 만든거 뒷모습인데 LED가 책상에 닿았을 뿐인데 불빛이 들어온거고3번째는 제가 들고 있는거에요(아무것도 안 닿았어요)마지막꺼는 불 들어온거 앞모습원래 이런가요?그러면 안 쓸 때도 계속 불이 들어오는 건가요?해결방법 좀여
2020.09.25.,역학적에너지,87,https://kin.naver.com/qna/detail.nhn?d1id=11&dirId=110204&docId=369047793&qb=66y87LK0Mw==&enc=utf8§ion=kin.qna&rank=7&search_sort=3&spq=0,중3인데요 역학적 에너지는 운동에너지 더하기 위치에너지잖아요 첫번째 사진에서 역학적 에너지는 운동에너지 플러스 위치에너지인거 알겠는데 두번째 그림처럼 수평?방향으로 운동해도 물체의 역학적에너지는 운동에너지더하기 위치에너지인가요 왜그런가요 
2020.10.17.,이거 해파리인가요?,58,https://kin.naver.com/qna/detail.nhn?d1id=11&dirId=110204&docId=370991196&qb=66y87LK0NA==&enc=utf8§ion=kin.qna&rank=4&search_sort=3&spq=0,제가 오후 4시쯤에 바다주변을 걷다가 이상한 투명?한 물체가있어서 궁금해서 지식인에 물어볼려구염..아시는 분 있으시면 답변 부탁드려요 
2020.10.27.,초등 5학년과학,79,https://kin.naver.com/qna/detail.nhn?d1id=11&dirId=110204&docId=371781952&qb=66y87LK0NQ==&enc=utf8§ion=kin.qna&rank=2&search_sort=3&spq=0,"일정한 거리를 이동한 물체의 빠르기는 어떻게 비교할까요?인데요, 29일까지 해야해서 그런데 비교하는법 여러게 알려주세요 !!!"
2020.08.26.,도와주세요!!!!ㅜㅜㅠㅠㅠ,67,https://kin.naver.com/qna/detail.nhn?d1id=11&dirId=110204&docId=366235769&qb=66y87LK0NQ==&enc=utf8§ion=kin.qna&rank=7&search_sort=3&spq=0,안녕하세요 초등학교 5학년 입니다 실체 현미경에서 물체의 상을 확대 해주는 부분이 뭔가요?
2020.08.04.,요즘너무 무서워요,87,https://kin.naver.com/qna/detail.nhn?d1id=11&dirId=110204&docId=364321370&qb=66y87LK0NQ==&enc=utf8§ion=kin.qna&rank=10&search_sort=3&spq=0,안녕하세요 저는 중학교 3학년 남자입니다재가 초등학교때부터 중3까지 가끔식 검은 무슨 물체가 보이는데 되게 사람같은 형태를 하고있어요 그리고 이게 정확히 기억하는데 초등학교 5힉년때랑 중학교 1학년때랑 중학교 3학년인 지금도 보여요 근데 보이다 나중에보면 없어지구요 집안에서아무이유없이 물건이 떨어지고 물건이 소리가나고 예를들면 과자 봉지인데 바스락 거린다던지 그리고 재가 초등학교 5학년때 보였다고 말씀드렸는데 이때 정말 너무 뚜렸하게 보였어요 중학교 1학년때도요 지금은 흐릿한데 이게 약간 정신적으로 문제가 있는건가요? 매일 스트레스를 받고있습니다초 5때는 너무 뚜렷해서 울었습니다
2020.08.27.,과학문제6힉년 지구와 달의 운동,62,https://kin.naver.com/qna/detail.nhn?d1id=11&dirId=110204&docId=366338717&qb=66y87LK0Ng==&enc=utf8§ion=kin.qna&rank=7&search_sort=3&spq=0,얀녕하세요 초6인데 어려운 문제가 있는데 모르겠어 책도 찾아봤지만 안나와서 물어봐요문제:물체가 마치 움직이는 것처럼 보이는 사진챡을 무엇이라고 하나요모르겠어요 답 적어주시면 채택해드릴게요 !!오타는 죄송해요 !!
2020.07.11.,중3과학 3단원 운동과 에너지,164,https://kin.naver.com/qna/detail.nhn?d1id=11&dirId=110204&docId=362145631&qb=66y87LK0Nw==&enc=utf8§ion=kin.qna&rank=4&search_sort=3&spq=0,"(1) 물체의 위치 에너지가 클수록 더 (많은,적은) 일을 할 수 있다(2) 질량이 2배, 3배 일때 위치에너지의 크기는 ( )배 ( ) 배이다(3) 기준면으로부터 높이가 2배 3배일때 위치 에너지의 크기는 ( )배 ( ) 배이다(4)수레에 한 일이 (많을,적을)수록 큰 운동 에너지를 가진다 (5) 운동하는 물체의 질량이 클수록 운동에너지가 (크다,작다) , 질량이 2배 3배일때 운동 에너지의 크기는 ( ) 배 ( ) 배이다(6) 물체의 속력이 (클수록, 작을 수록) 운동 에너지가 크다, 속력이 2배 3배일때 운동에너지의 크기는 ( )배 ( )배이다(7) 운동에너지= ( ) x ( ) x ( )급해요 빨리 해주세용내공100"
2020.06.11.,과학질문 .,56,https://kin.naver.com/qna/detail.nhn?d1id=11&dirId=110204&docId=359349046&qb=66y87LK0Nw==&enc=utf8§ion=kin.qna&rank=5&search_sort=3&spq=0,2kg인 물체를 공중에서 2.5m 떨어지면 속력은 몇이죠?중력가속도는 9.8
2019.04.30.,"자세한 사정은 아까와 같고요..ㅎㅎ질문드릴게요!1. 이것이 없으면 식물의 줄기나 뿌리가 굵게 자라지 못한다. ㅇ성ㅇ2. 지각 변동으로 지층에 만들어진 습곡, 단층, 부정합 등을 말한다. ㅇㅇㅇㅇ3. 이 지질시대에 공룡 등의 파충류가 번성하였다. ㅇㅇㅇ4. 생물이 살았던 당시의 환경을 알려주는 화석으로, ㅇㅇ, 고사리 등이 있다.5. 지구의 역사에서 지각이 만들어진 후부터 역사 시대 전까지의 기간이다. ㅇㅇㅇㅇ6. 지각 변동으로 큰 산맥이 만들어지는 과정을 말한다. ㅇㅇㅇㅇ7. 물체가 전기를 띠었는지 아닌지를 알아볼 때, 사용하는 전기 기구. ㅇ전기(?)8. 전기를 띤 물체를 금속 물체에 가까이 할 때, 전기를 띤 물체와 가까운 쪽에서는 반대 종류의 전기가, 먼 쪽에는 같은 종류의 전기가 유도되는 현상. ㅇㅇㅇㅇㅇ9. 혼합물의 끓는점이나 밀도는 순물질의 ㅇㅇㅇㅇ에 따라서 달라진다.10. 속력이 변하지 않고 일정한 운동. ㅇ속ㅇ운ㅇ프(등속운동 아닌가요 ㅠㅠ)11. 지구의 공전 현상에 의해 별을 바라보는 위치의 차이. ㅇㅇㅇㅇ12. 지구에서 육안으로 본 별의 밝기. ㅇㅇㅇ급(겉보기 등급으로 알고있는데;)13. 어떤 용매에 대한 기체의 ㅇㅇㅇ는 온도가 낮을수록, 압력이 높을수록 크다.(그런데 이게 6글자네요)14. 물보다 밀도가 큰 액체이며, 지방,수지 등의 유기물을 잘 용해한다. ㅇㅇ화ㅇ밀(?아닐수도있어요)더많이있는데 이거까지같이올리면 안될거같아서다음꺼는 1:1로 내공100추가해서 질문하나더올릴게요 ㅜㅜ 죄송해요부탁드려요!!",144,https://kin.naver.com/qna/detail.nhn?d1id=11&dirId=110204&docId=326255022&qb=66y87LK0Nw==&enc=utf8§ion=kin.qna&rank=9&search_sort=3&spq=0,$$$$$
2020.06.12.,자유낙하운동,163,https://kin.naver.com/qna/detail.nhn?d1id=11&dirId=110204&docId=359411351&qb=66y87LK0OA==&enc=utf8§ion=kin.qna&rank=4&search_sort=3&spq=0,1kg짜리 물체는 9.8N의 중력을 받고 2kg짜리 물체는 19.6N의 중력을 받는데 왜 자유낙하운동을 하면 두 물체가 동시에 떨어지나요?그리고 공기가 있을 때 공기 저항때문에 떨어지는 속도가 다른것이면 쇠를 가공해서 깃털보다 공기저항을 많이 받도록 하면 쇠보다 깃털이 먼저 떨어지나요?내공 100 내공 냠냠 신고
2019.02.19.,5-2 과학 3 물체의 빠르기(3회) 2,35,https://kin.naver.com/qna/detail.nhn?d1id=11&dirId=110204&docId=321523695&qb=66y87LK0OA==&enc=utf8§ion=kin.qna&rank=10&search_sort=3&spq=0,5-2 과학 3 물체의 빠르기(3회) 2[과학 76103쪽실험 관찰 4861쪽]문제 (510번)‘초등 i-Scream’◎좋은 답변 부탁드립니다.
2020.05.24.,과학소년  과만사를 이겨라,103,https://kin.naver.com/qna/detail.nhn?d1id=11&dirId=110204&docId=354617556&qb=66y87LK0MTA=&enc=utf8§ion=kin.qna&rank=7&search_sort=3&spq=0,드디어 과학소년 5월호가 왔어요 그런대.... 과만사를 이겨라 에서 적혈구?도넛?같은 물체가 나와서 당황했어요. 도대채 뭐지 하는 마음에 지식in에 처음으로 올려봅니다 제발 알려주세요 알려주시면 내공10을 드립니다.
2020.04.20.,눈 멀리 보는거,111,https://kin.naver.com/qna/detail.nhn?d1id=11&dirId=110204&docId=353773175&qb=66y87LK0MTA=&enc=utf8§ion=kin.qna&rank=8&search_sort=3&spq=0,제가 하는 일이 컴퓨터보는 일이라 어쩔수 없이 눈이 피로해지거든요. 눈 스트레칭할려고 하는데 멀리 있는 물체를 보라고 하더라구요.근데 어느정도 멀리 있는 물체를 봐야하나요. 예를 들면 몇 미터 앞에 있는 물체를 봐라던가.
2020.02.18.,특수상대성이론 피시방빨리가는법,59,https://kin.naver.com/qna/detail.nhn?d1id=11&dirId=110204&docId=347540754&qb=66y87LK0MTA=&enc=utf8§ion=kin.qna&rank=9&search_sort=3&spq=0,가만히있는물체의 관측시점에서 움직이는물체는 그렇지않은물체보다 시간이 느리게가는것처럼보인다고 들었습니다. 그래서 피시방을가다가 문득 저는 특수상대성이론을떠올렸고 친구들이 피시방을 빠르게 가려고 뛰는행동은 무의미하다는걸 깨달았습니다. 그래서저는 초당 30cm의 속도로 움직였고 의외로 제가피시방에 더 늦게도착하게되었습니다.왜인가요? 그리고실제로 시간단축효과도있었을까요? 아 참고로 제친구가 달리기가진짜 빠른데그친구가 달릴때 평소보다 약간 몸이말라보였습니다 이건 길이수축현상으로보면되나요?
2019.11.19.,중2 과학 1단원 배운 물체의 운동에 관한것이잖아요. 놀이 공원의 이름과 놀이 기구의 이름과 그 놀이기구가 어떻게 움직이는 지 기록하고 그 놀이 기구가 우리가 1단원에서 배운 어떤운동을 하는 지를 기록하고 작용하는 힘은 운동방향과 어떤 관계가 있는 지 조사 해야합니다.10개 이상 가르쳐주세요.. ㅜ0ㅜ;;,13,https://kin.naver.com/qna/detail.nhn?d1id=11&dirId=110204&docId=340738697&qb=66y87LK0MTA=&enc=utf8§ion=kin.qna&rank=10&search_sort=3&spq=0,$$$$$
2019.01.22.,5-2 과학 ⑶ 실관 60~61쪽 단원 마무리,71,https://kin.naver.com/qna/detail.nhn?d1id=11&dirId=110204&docId=319467345&qb=66y87LK0MTI=&enc=utf8§ion=kin.qna&rank=10&search_sort=3&spq=0,5-2 과학 ⑶ 실관 6061쪽 단원 마무리3. 물체의 빠르기◎좋은 답변 부탁드립니다.[과학 ⑶ 실관 60쪽][과학 ⑶ 실관 61쪽]
2019.09.07.,ufo인가요?,73,https://kin.naver.com/qna/detail.nhn?d1id=11&dirId=110204&docId=335248692&qb=66y87LK0MTU=&enc=utf8§ion=kin.qna&rank=6&search_sort=3&spq=0,창밖으로 산을보고있는데 동그란비행체 3대가 나란히 날아가는데요 되게 천천히 오른쪽으로 날아가더라구요근데 동그란원형물체 테두리에 막 반짝반짝거리던데 그게 뭘까요?15초쯤보시면 반짝반짝거리는게 뚜렷하게 나옵니다
2018.12.24.,5-2 과학 ⑶ 활동지 [06],59,https://kin.naver.com/qna/detail.nhn?d1id=11&dirId=110204&docId=317312766&qb=66y87LK0MTU=&enc=utf8§ion=kin.qna&rank=9&search_sort=3&spq=0,5-2 과학 ⑶ 활동지 [06]3. 물체의 빠르기 [과학(교과서) 8890쪽]② 과학 탐구 ‘초등 i-Scream’[6] 물체의 속력은 어떻게 구할까요?◎좋은 답변 부탁드립니다.
2020.04.16.,수학문제 좀 알려주세요!!,84,https://kin.naver.com/qna/detail.nhn?d1id=11&dirId=110204&docId=353251725&qb=66y87LK0MjA=&enc=utf8§ion=kin.qna&rank=5&search_sort=3&spq=0,자유낙하 하는 물체의 낙하거리는 낙하시간의 제곱에 정비례한다.(공기저항은 무시됨) 576피트인 탑의 꼭대기에서 물체가 6초 후 땅에 떨어졌다. 꼭대기에서 4초 후 물체의 위치를 구하시오. 이 문제 어떻게 푸는건가요??
2020.01.07.,염기성에 성질이요,66,https://kin.naver.com/qna/detail.nhn?d1id=11&dirId=110204&docId=344253146&qb=66y87LK0MjA=&enc=utf8§ion=kin.qna&rank=6&search_sort=3&spq=0,산성은 물체를 녹이잖아요그럼 염기성은 물체를 어떻게 하나요?내공 20
2019.12.30.,"질문 드립니다36번 도로에서요 어떤 흔들리는 나무가있는데여 사람들이 다 `옆으로 가보면 이상한 것이 길을 막고 있음을 알 수 있다. 이 물체의 정체는 꼬지모라는 나무포켓몬이다. 이 꼬지모는 풀이 아닌 바위타입이어서 돌타입의 공격을 쓰니 잘 알아두자. 한마리 밖에 없으니 잡아두어도 좋다. 참고로 렙은 20이다. ` 라고 하는데,,, 눌렀는데 흔들리기만 해여 어떻게 해야하져? 자세하게 내공 다검",95,https://kin.naver.com/qna/detail.nhn?d1id=11&dirId=110204&docId=343643654&qb=66y87LK0MjA=&enc=utf8§ion=kin.qna&rank=7&search_sort=3&spq=0,$$$$$
2019.11.11.,초등5학년 실험관찰 물체의 속력,383,https://kin.naver.com/qna/detail.nhn?d1id=11&dirId=110204&docId=340086580&qb=66y87LK0MjE=&enc=utf8§ion=kin.qna&rank=3&search_sort=3&spq=0,비행기의 평균 속력과 제트키의 평균 속력을 비교해서 써야 하는 과제인데요알려주실분요
2017.11.06.,우주 쓰래기는 어떻게 되는건가요 ?,222,https://kin.naver.com/qna/detail.nhn?d1id=11&dirId=110204&docId=287884496&qb=66y87LK0MjQ=&enc=utf8§ion=kin.qna&rank=6&search_sort=3&spq=0,지구에서 쓰래기를 모아서 우주로 쏘는 일도 있다고 들었는데우주에서 떠도는 지구에서 발사한 물체들은 지구로 추락하지 않나요?지구중력으로 지구로 떨어지지 않을까요 ?
2018.11.24.,5-2 과학 ⑶ 실험 관찰 52쪽,27,https://kin.naver.com/qna/detail.nhn?d1id=11&dirId=110204&docId=315110312&qb=66y87LK0MjU=&enc=utf8§ion=kin.qna&rank=3&search_sort=3&spq=0,5-2 과학 ⑶ 실험 관찰 52쪽3.물체의 빠르기(과학 8485쪽)◎좋은 답변 부탁드립니다. [실관 52쪽]
2017.11.25.,5-2 과학⑶ 86~87쪽/실관 53쪽,41,https://kin.naver.com/qna/detail.nhn?d1id=11&dirId=110204&docId=289039916&qb=66y87LK0MjU=&enc=utf8§ion=kin.qna&rank=10&search_sort=3&spq=0,5-2 과학⑶ 8687쪽/실관 53쪽3. 물체의 빠르기◎좋은 답변 부탁드립니다.[실관 53쪽]
2017.10.09.,기상청 태양고도(초6과학)(내공100),116,https://kin.naver.com/qna/detail.nhn?d1id=11&dirId=110204&docId=286100326&qb=66y87LK0Mjk=&enc=utf8§ion=kin.qna&rank=3&search_sort=3&spq=0,"초6 여학생입니다.과학 숙제로 태양고도를 측정해야하는데 준비물을 안들고왔어요.기상청에서 태양고도를 볼 수 있다는데 어떻게 보나요?아니면 답변에 9월29일이나 10월 8일 광주광역시 태양고도와 10cm물체의 그림자의 길이를 적어주세요!(시간-930,10:30,11:30,12:30,1:30,2:30,3:30)(조금씩 시간 오차가 있어도 괜찮습니다)질문이 꽤 어려운만큼 내공은100입니다"
2020.07.12.,초6 1학기 과학 4단원 문제,72,https://kin.naver.com/qna/detail.nhn?d1id=11&dirId=110204&docId=362339268&qb=66y87LK0MzA=&enc=utf8§ion=kin.qna&rank=3&search_sort=3&spq=0,문제가 나팔꽃의 줄기가 다른 식물이나 물체를 감는 까닭을 써야되는데여. 괄호 안에 알맞은 말을 써넣어야 되여. 까닭은 두가지에요.1. 자신의 몸을 ( ) 하기 위해서2. 높이 올라가서 ( )을 많이 받기 위해서괄호 안에 들어갈 알맞은 말좀 차례대로 알려주세요. 내공 30 겁니다.
2019.03.25.,3-1 과학 ⑵활동지 [6] 1,20,https://kin.naver.com/qna/detail.nhn?d1id=11&dirId=110204&docId=323944243&qb=66y87LK0MzQ=&enc=utf8§ion=kin.qna&rank=1&search_sort=3&spq=0,3-1 과학 ⑵활동지 [6] 12 물질의 성질 [과학 3435쪽][6차시] 종류가 같은 물체를서로 다른 물질로 만드는 까닭은 무엇일까요?‘초등 i-Scream’※ 종류가 같은 물체를 서로 다른 물질로 만드는 경우◎좋은 답변 부탁드립니다.
2019.03.25.,3-1 과학 ⑵활동지 [6],21,https://kin.naver.com/qna/detail.nhn?d1id=11&dirId=110204&docId=323944048&qb=66y87LK0MzQ=&enc=utf8§ion=kin.qna&rank=2&search_sort=3&spq=0,3-1 과학 ⑵활동지 [6]2 물질의 성질 [과학 3435쪽][6차시] 종류가 같은 물체를서로 다른 물질로 만드는 까닭은 무엇일까요?‘초등 i-Scream’※ 서로 다른 물질로 만든 물체의 좋은 점◎좋은 답변 부탁드립니다.
2018.12.01.,5-2 과학정리학습지 3-2,26,https://kin.naver.com/qna/detail.nhn?d1id=11&dirId=110204&docId=315614051&qb=66y87LK0MzQ=&enc=utf8§ion=kin.qna&rank=3&search_sort=3&spq=0,"5-2 과학정리학습지 3-23. 물체의 빠르기 - 2‘초등 i-Scream’[과학 84-87쪽, 실관 52-53쪽]◎ 좋은 답변 부탁드립니다."
2017.04.24.,3-1 과학 56~61쪽[실관 34~37쪽]②,69,https://kin.naver.com/qna/detail.nhn?d1id=11&dirId=110204&docId=275366348&qb=66y87LK0MzY=&enc=utf8§ion=kin.qna&rank=6&search_sort=3&spq=0,3-1 과학 5661쪽[실관 3437쪽]②2. 자석의 이용⑴ 자석과 물체◎좋은 답변 부탁드립니다.
2017.04.10.,3-1 과학정리학습지 2-1,61,https://kin.naver.com/qna/detail.nhn?d1id=11&dirId=110204&docId=274468160&qb=66y87LK0MzY=&enc=utf8§ion=kin.qna&rank=7&search_sort=3&spq=0,"3-1 과학정리학습지 2-1‘초등 i-Scream’3-1 과학 2. 자석의 이용⑴ 자석과 물체 [과학 6067쪽, 실관 3639쪽] ◎좋은 답변 부탁드립니다."
2020.01.09.,책을 펴고 볼 때 머리로 읽지 않고 눈으로 순식 간에 흘깃 보아도 책내용 이 머리에 일부 새겨집니다.그림책의 경우는 일일이 읽지 않아도 아주 짧은 시간에 순식간에 책장 넘겨도 그림 이미지가 떠오를 수가 있습니다.물론 정상적으로 작동하는 머리의 경우에 한정 하여서 말하는 겁니다.여기서 언급하는 경우는 정상적인 머리를 가진 경우에 만 적용되는 것입니다.눈앞에 순식간에 물체가 나타났다가 순식간에 사라져도 뛰어난 사람은 자세하게 묘사할 수도 있으며 둔한 사람은 그저 눈앞에 뭔가가 왔다갔다라고만 느낄 수도 있습니다.자아 이런 경우에 책장을 넘기며 볼 때도 이런 현상 이 적용될 수도 있을까요?일반적으로는 입술로 책을 읽거나 마음속으로 읽습니다.그러나 머리가 뛰어난 사람은 카메라로 사진 찍듯이 머리에 순식간에 새길 수가 있습니다. 저같이 둔한 사람은 그저 책장 넘기는 모습만 느껴지고 책내용은 전혀 깜깜합니다.대부분의 사람은 저처럼 비슷한가요?아니면 카메라로 순식간에 찍듯이 책내용중 일부는 머리속에 떠오를 까요?이와같은 현상을 이용한 공부법은 무엇이 있을까요?,55,https://kin.naver.com/qna/detail.nhn?d1id=11&dirId=110204&docId=344363290&qb=66y87LK0NDA=&enc=utf8§ion=kin.qna&rank=2&search_sort=3&spq=0,$$$$$
2017.11.26.,5-2 과학⑶ 92~93쪽/실관 55쪽,48,https://kin.naver.com/qna/detail.nhn?d1id=11&dirId=110204&docId=289123637&qb=66y87LK0NDA=&enc=utf8§ion=kin.qna&rank=5&search_sort=3&spq=0,5-2 과학⑶ 9293쪽/실관 55쪽3. 물체의 빠르기◎좋은 답변 부탁드립니다.[실관 55쪽]
2017.10.15.,과학 거울로 물체의 모습 여러 개 만들기,41,https://kin.naver.com/qna/detail.nhn?d1id=11&dirId=110204&docId=286519064&qb=66y87LK0NDA=&enc=utf8§ion=kin.qna&rank=6&search_sort=3&spq=0,거울 각도를 작게 하면 상이 여러 개 생기잖아요그때 개수랑 각도 사이의 규칙을 알고 싶어요예를 들어 3개 생기는 각은 몇도에서 몇도인지다른 개수에서도 구할수있는 일반적인 규칙 좀 알려주세요!.!
2019.02.19.,5-2 과학 3 물체의 빠르기(3회) 1,36,https://kin.naver.com/qna/detail.nhn?d1id=11&dirId=110204&docId=321523669&qb=66y87LK0NDg=&enc=utf8§ion=kin.qna&rank=3&search_sort=3&spq=0,5-2 과학 3 물체의 빠르기(3회) 1[과학 76103쪽실험 관찰 4861쪽]문제 (14번)‘초등 i-Scream’◎좋은 답변 부탁드립니다.
2018.12.01.,5-2 과학정리학습지 3-3,25,https://kin.naver.com/qna/detail.nhn?d1id=11&dirId=110204&docId=315614198&qb=66y87LK0NTQ=&enc=utf8§ion=kin.qna&rank=1&search_sort=3&spq=0,"5-2 과학정리학습지 3-33. 물체의 빠르기 - 3‘초등 i-Scream’[과학 88-90쪽, 실관 54쪽]◎ 좋은 답변 부탁드립니다."
2017.11.27.,5-2 과학⑶ 94~97쪽/실관 56~57쪽,251,https://kin.naver.com/qna/detail.nhn?d1id=11&dirId=110204&docId=289172788&qb=66y87LK0NTY=&enc=utf8§ion=kin.qna&rank=1&search_sort=3&spq=0,5-2 과학⑶ 9497쪽/실관 5657쪽3. 물체의 빠르기◎좋은 답변 부탁드립니다.[실관 56쪽][실관 57쪽]
2016.12.04.,5학년 과학 윰직이는물체의속력측정하기,66,https://kin.naver.com/qna/detail.nhn?d1id=11&dirId=110204&docId=265552829&qb=66y87LK0NTg=&enc=utf8§ion=kin.qna&rank=4&search_sort=3&spq=0,내일까지 햐야 되는건데 5학년 2학기 과학 실험관찰에 있는 내용인데 이거 예시로 한번 써주세요 급합니다 밑에 사진보고 세게다 써주면 감사하겠습니다 내공 100 채택○
2018.11.18.,4-2 과학 ⑶ 활동지 [4차시],13,https://kin.naver.com/qna/detail.nhn?d1id=11&dirId=110204&docId=314673456&qb=66y87LK0NjI=&enc=utf8§ion=kin.qna&rank=1&search_sort=3&spq=0,4-2 과학 ⑶ 활동지 [4차시]3. 그림자와 거울 (과학 6263쪽)[4] 물체 모양과 그림자 모양이 비슷한 까닭 ‘초등 i-Scream’◎좋은 답변 부탁드립니다. 
2016.11.25.,빠른 시간내에 부탁드려요. 거울을 마주보고 세워놓았을 때의 물체의개수,33,https://kin.naver.com/qna/detail.nhn?d1id=11&dirId=110204&docId=264993052&qb=66y87LK0NjU=&enc=utf8§ion=kin.qna&rank=5&search_sort=3&spq=0,만약 거울을 마주보고 세워놓은 뒤 그 사이의 물체를 넣고 보면 몇개처럼 보이고 또 그 이유는 무엇인가요?제발 오늘 12시 전까지 알려주세요.내공 65
2018.05.17.,3-1 과학 4 활동지[4],37,https://kin.naver.com/qna/detail.nhn?d1id=11&dirId=110204&docId=301547242&qb=66y87LK0NzY=&enc=utf8§ion=kin.qna&rank=3&search_sort=3&spq=0,3-1 과학 4 활동지[4]4. 자석의 이용‘초등 i-Scream’[4차시]자석을 철로 된 물체에 가까이 가져가면 어떻게 될까요?※ 자석을 철로 된 물체에 가까이 가져가기(과학 7677쪽)◎좋은 답변 부탁드립니다.
2018.05.07.,4-1 과학 4 활동지[3],35,https://kin.naver.com/qna/detail.nhn?d1id=11&dirId=110204&docId=300914803&qb=66y87LK0Nzg=&enc=utf8§ion=kin.qna&rank=1&search_sort=3&spq=0,4-1 과학 4 활동지[3]4. 물체의 무게 [과학 7879쪽]‘초등 i-Scream’[3차시] 용수철에 물체를 걸어 놓으면 어떻게 될까요?▣물체의 무게로 인한 용수철의 길이 변화◎ 좋은 답변 부탁드립니다.
2018.11.22.,5-2 과학 ⑶ 활동지 [02],19,https://kin.naver.com/qna/detail.nhn?d1id=11&dirId=110204&docId=314989198&qb=66y87LK0ODA=&enc=utf8§ion=kin.qna&rank=3&search_sort=3&spq=0,5-2 과학 ⑶ 활동지 [02]3. 물체의 빠르기 [과학(교과서) 8081쪽][2] 물체의 위치는어떻게 나타낼까요?② 과학 탐구 ‘초등 i-Scream’◎좋은 답변 부탁드립니다.
2018.04.28.,"무거운 물체랑 가벼운 물체랑 둘이 동시에 떨어질때, 무거운 물체가 더 빨리 떨어지는 이유","1,328",https://kin.naver.com/qna/detail.nhn?d1id=11&dirId=110204&docId=300277974&qb=66y87LK0ODA=&enc=utf8§ion=kin.qna&rank=7&search_sort=3&spq=0,"종이랑 50g 공이 동시에 떨어질때, 공이 더 빨리 떨어지는 이유를 알려주세요 (단지 무거워서라는 말은 하지말아주세요) 둘이 떨어질때 공기저항을 뭐가 더 많이 받는지도 알려주세요. 내공 80."
2017.11.03.,초 5 과학 4단원 물체 속력 구하기,55,https://kin.naver.com/qna/detail.nhn?d1id=11&dirId=110204&docId=287720361&qb=66y87LK0ODA=&enc=utf8§ion=kin.qna&rank=8&search_sort=3&spq=0,빨리 부탁드립니다
2015.10.12.,5-2 실관 50쪽,62,https://kin.naver.com/qna/detail.nhn?d1id=11&dirId=110204&docId=236302890&qb=66y87LK0ODE=&enc=utf8§ion=kin.qna&rank=5&search_sort=3&spq=0,5-2 실관 50쪽 3. 물체의 빠르기 - 좋은 답변 부탁드립니다.
2018.12.02.,5-2 과학 ⑶ 활동지 [03],28,https://kin.naver.com/qna/detail.nhn?d1id=11&dirId=110204&docId=315688340&qb=66y87LK0ODI=&enc=utf8§ion=kin.qna&rank=1&search_sort=3&spq=0,5-2 과학 ⑶ 활동지 [03]3. 물체의 빠르기 [과학(교과서) 8283쪽]② 과학 탐구 ‘초등 i-Scream’[3] 물체의 운동은 어떻게 나타낼까요?◎좋은 답변 부탁드립니다.
2015.11.09.,5-2 실관 51쪽,43,https://kin.naver.com/qna/detail.nhn?d1id=11&dirId=110204&docId=238181460&qb=66y87LK0ODI=&enc=utf8§ion=kin.qna&rank=5&search_sort=3&spq=0,5-2 실관 51쪽 3. 물체의 빠르기 - 좋은 답변 부탁드립니다.
2015.10.25.,5-2 과학정리학습지 3-1,94,https://kin.naver.com/qna/detail.nhn?d1id=11&dirId=110204&docId=237199819&qb=66y87LK0ODM=&enc=utf8§ion=kin.qna&rank=5&search_sort=3&spq=0,"5-2 과학정리학습지 3-1 ‘초등 i-Scream’5-2 과학 3. 물체의 빠르기-1 [과학 80-83쪽, 실관 50-51쪽] 좋은 답변바랍니다."
2018.12.03.,5-2 과학 ⑶ 활동지 [04],31,https://kin.naver.com/qna/detail.nhn?d1id=11&dirId=110204&docId=315739606&qb=66y87LK0ODQ=&enc=utf8§ion=kin.qna&rank=1&search_sort=3&spq=0,5-2 과학 ⑶ 활동지 [04]3. 물체의 빠르기 [과학(교과서) 8485쪽]② 과학 탐구 ‘초등 i-Scream’[4] 일정한 거리를 이동한 물체의 빠르기는 어떻게 비교할까요?◎좋은 답변 부탁드립니다.
2018.05.03.,6-1 과학 3 활동지[02],26,https://kin.naver.com/qna/detail.nhn?d1id=11&dirId=110204&docId=300659326&qb=66y87LK0ODQ=&enc=utf8§ion=kin.qna&rank=5&search_sort=3&spq=0,6-1 과학 3 활동지[02]3. 렌즈의 이용 [교과서(과학) 8485쪽]‘초등 i-Scream’② 과학 탐구 [02] 오목 렌즈로 물체를 보면 어떻게 보일까요?◎ 좋은 답변 부탁드립니다.
2018.04.26.,이 물체의 종류 돌인지..뭔지..단단하지않고 비중은 돌보다역간 무거운느낌 묵직하고서로부딪혀보면 돌같기도하고 쇳물이녹은것같기도한데뭘까요???,78,https://kin.naver.com/qna/detail.nhn?d1id=11&dirId=110204&docId=300150864&qb=66y87LK0ODQ=&enc=utf8§ion=kin.qna&rank=6&search_sort=3&spq=0,$$$$$
2018.12.24.,5-2 과학 ⑶ 활동지 [05],63,https://kin.naver.com/qna/detail.nhn?d1id=11&dirId=110204&docId=317309830&qb=66y87LK0ODY=&enc=utf8§ion=kin.qna&rank=1&search_sort=3&spq=0,5-2 과학 ⑶ 활동지 [05]3. 물체의 빠르기 [과학(교과서) 8687쪽]② 과학 탐구 ‘초등 i-Scream’[5] 일정한 시간에 이동한 물체의 빠르기는 어떻게 비교할까요?◎좋은 답변 부탁드립니다.
2018.05.11.,4-1 과학 4 활동지[7],35,https://kin.naver.com/qna/detail.nhn?d1id=11&dirId=110204&docId=301161286&qb=66y87LK0ODY=&enc=utf8§ion=kin.qna&rank=2&search_sort=3&spq=0,4-1 과학 4 활동지[7]4. 물체의 무게[7차시] 양팔저울로 여러 가지 물체의 무게를 비교하려면 어떻게 해야할까요? [과학 8687쪽]▣양팔저울로 물체의 무게 비교하기‘초등 i-Scream’◎ 좋은 답변 부탁드립니다.
2018.05.23.,4-1 과학 4 활동지[8차시]*,35,https://kin.naver.com/qna/detail.nhn?d1id=11&dirId=110204&docId=301978255&qb=66y87LK0ODg=&enc=utf8§ion=kin.qna&rank=3&search_sort=3&spq=0,4-1 과학 4 활동지[8차시]*4. 물체의 무게[8차시]우리 생활에는 어떤 종류의 저울이 사용될까요? [과학 8889쪽]▣생활에서 사용되는 저울의 이름과 쓰임새 알기‘초등 i-Scream’◎ 좋은 답변 부탁드립니다.
2017.11.09.,5-2 과학⑶ 활동지 [06],46,https://kin.naver.com/qna/detail.nhn?d1id=11&dirId=110204&docId=288104191&qb=66y87LK0ODg=&enc=utf8§ion=kin.qna&rank=4&search_sort=3&spq=0,5-2 과학⑶ 활동지 [06]3. 물체의 빠르기② 과학 탐구‘초등 i-Scream’[6차시] 물체의 속력은 어떻게 구할까요?[과학(교과서) 8889쪽]◎ 좋은 답변 부탁드립니다.
2017.11.11.,5-2 과학⑶ 활동지 [07],50,https://kin.naver.com/qna/detail.nhn?d1id=11&dirId=110204&docId=288204506&qb=66y87LK0OTI=&enc=utf8§ion=kin.qna&rank=2&search_sort=3&spq=0,5-2 과학⑶ 활동지 [07]3. 물체의 빠르기② 과학 탐구‘초등 i-Scream’[7차시] 풍선 자동차의 속력을 비교하여 볼까요?[과학(교과서) 9293쪽]◎ 좋은 답변 부탁드립니다.
2017.10.16.,4-2 과학⑶ 활동지 [2],105,https://kin.naver.com/qna/detail.nhn?d1id=11&dirId=110204&docId=286582294&qb=66y87LK0OTQ=&enc=utf8§ion=kin.qna&rank=3&search_sort=3&spq=0,4-2 과학⑶ 활동지 [2]3. 거울과 그림자① 빛‘초등 i-Scream’[2차시] 물체를 보기 의하여 필요한 것이 무엇인지 알아봅시다.[과학(교과서) 9495쪽]◎좋은 답변 부탁드립니다.
2017.12.19.,초등과학4학년2학기반투명물체와 투명한물체를 같이 사용하는경우는 어떤것이있나요? 급해여ㅕㅕㅕ 11시까지좀부탁드려요,86,https://kin.naver.com/qna/detail.nhn?d1id=11&dirId=110204&docId=289412644&qb=66y87LK0MTIw&enc=utf8§ion=kin.qna&rank=2&search_sort=3&spq=0,$$$$$
2016.01.06.,과학 시급합니다 ㅠㅠ,56,https://kin.naver.com/qna/detail.nhn?d1id=11&dirId=110204&docId=242193090&qb=66y87LK0MTUw&enc=utf8§ion=kin.qna&rank=7&search_sort=3&spq=0,수평면 위에 정지해 있는 질량 20kg인 물체에 40N의 힘을 계속 작용하여 10m 이동시켰을때 이 물체의 속력이 5m/s 이었다. 이때 마찰에 의하여 발생한 열에너지는 몇 J인가?이것좀 계산해주세요
2015.12.15.,초4과학문제,37,https://kin.naver.com/qna/detail.nhn?d1id=11&dirId=110204&docId=240700807&qb=66y87LK0&enc=utf8§ion=kin.qna&rank=11&search_sort=3&spq=0,제가 오늘 시험을 쳤는데 과학 문제가 헷갈려서 묻습니다.문제:다음중의 물체를 만나 반사가 가능한것은?1.종이2.구겨진 호일3.책상에 깔린 유리4번은 기억이 확실하진않은데 확실한것은 제가 생각해봐도 4번은 답이아니에요여러분 1번일까요3번일까요 내공35검
2015.12.11.,색은 왜 물체마다 다를까??,138,https://kin.naver.com/qna/detail.nhn?d1id=11&dirId=110204&docId=240373203&qb=66y87LK0&enc=utf8§ion=kin.qna&rank=13&search_sort=3&spq=0,색을 왜 물체마다 다르나요?? 숙제 뗌에... 좀 알려주세요!!
2015.12.09.,과학 4-2,51,https://kin.naver.com/qna/detail.nhn?d1id=11&dirId=110204&docId=240263888&qb=66y87LK0&enc=utf8§ion=kin.qna&rank=14&search_sort=3&spq=0,과학 4-2 3단원 거울과 그림자 학습지가 숙제인데 급해여!!! 1.어둠상자 속 물체 관찰하기-어둠상자의 덮개를 완전히 닫았을때:( )-어둠사자의 덮개를 절반 정도만 열었을 때:물체의 ( )는 볼 수 있으나 물체의 자세한 모양과 색깔은 알기어렵다.-어둠상자의 덮개를 완전히 열었을 때:물체의 자세한 ()과 ()을 볼 수 있다. 2.거울에 비친 물체의 모습: 거울이 향하는 방향을 다르게 하면?→①거울이 향하는 ()에 따라 거울에 비친 모습이 달라진다.→②직접 볼 수 없는 곳을 거울에 비추어 변리하게 볼 수 있다. ()안에 들어갈 말 좀 알려주세여!!빨리염!!! 
2015.12.09.,4-2 과학,38,https://kin.naver.com/qna/detail.nhn?d1id=11&dirId=110204&docId=240260887&qb=66y87LK0&enc=utf8§ion=kin.qna&rank=15&search_sort=3&spq=0,시신경을 자극하여 물체를 볼 수 있게 하는 전자기파의 일종이 뭔가여?
2015.12.09.,알려주세요!!,24,https://kin.naver.com/qna/detail.nhn?d1id=11&dirId=110204&docId=240208979&qb=66y87LK0&enc=utf8§ion=kin.qna&rank=17&search_sort=3&spq=0,시간이 지남에 따라 물체의 위치가 변하는 정도는 나타냄이 뭐죠??? 내공20드려요!!
2015.12.08.,일과 도르래,21,https://kin.naver.com/qna/detail.nhn?d1id=11&dirId=110204&docId=240187692&qb=66y87LK0&enc=utf8§ion=kin.qna&rank=19&search_sort=3&spq=0,1)과학에서 일이란 무엇인가요?2)거중기에 쓰이는 도르레는 몇 개인가요? 거중게로 드는 힘은 물체의 무게보다 얼마나 가벼운가요?3)고정 도르래를 쓰는 곳(10개정도)은 어디인가요?
2015.12.08.,물체의 위치를 나타낼때 필요한 요소 3가지,"1,165",https://kin.naver.com/qna/detail.nhn?d1id=11&dirId=110204&docId=240094525&qb=66y87LK0&enc=utf8§ion=kin.qna&rank=22&search_sort=3&spq=0,제목처럼 물체의 위치를 나타낼때 필요한 요소 3가지 알려주세요! 네이버에 쳐도 안나오길레 드뎌 쓰네요
2015.11.29.,5학년 2학기 과학,100,https://kin.naver.com/qna/detail.nhn?d1id=11&dirId=110204&docId=239514333&qb=66y87LK0&enc=utf8§ion=kin.qna&rank=28&search_sort=3&spq=0,산과 염기물체의 빠르기 요점 정리 해주세요 자세히
2015.11.26.,과학 물체와빠르기 속력구하기,61,https://kin.naver.com/qna/detail.nhn?d1id=11&dirId=110204&docId=239333824&qb=66y87LK0&enc=utf8§ion=kin.qna&rank=29&search_sort=3&spq=0,저기 문제하나만 물어볼께여어떤자동차가 5초동안에 8m갔으면 8나누기 5인데 둘이나누면 1과 5분에 3인데 답이 1.6m/s 예요....이거뭐죠?? 전혀 노이해이런문제들의공통점이 나누어 안떨어져요 이런거 못하겠는데 알려주세요...제발... 내일과학시험인뎅빨리빨리 진짜진짜급해요
2015.11.25.,빛을 통과하는 물체와 빛을 통과하지 못하는 물체,193,https://kin.naver.com/qna/detail.nhn?d1id=11&dirId=110204&docId=239310539&qb=66y87LK0&enc=utf8§ion=kin.qna&rank=30&search_sort=3&spq=0, 빛을 통과하는 물체와 빛을 통과를 못하는 물체를 2가지 이상으로 알려주세요급해요최대한 빨리 알려주세요오늘 저녁까지 좀 알려주세요
2015.11.12.,초5과학 물체의 빠르기,30,https://kin.naver.com/qna/detail.nhn?d1id=11&dirId=110204&docId=238417692&qb=66y87LK0&enc=utf8§ion=kin.qna&rank=43&search_sort=3&spq=0,"초5학생인데요 오늘 과학 숙제가있는데 속력에서의 이동거리와 걸린시간에는 무슨관계가 있나요? 그리고 걸린시간이 짧고 이동거리가 길수록 왜 속도가 빠르다고 할 수 있나요? 내공 100겁니다. 내공냠냠,니가해라등 신고"
2015.11.11.,5학년 과학 3단원 문제,43,https://kin.naver.com/qna/detail.nhn?d1id=11&dirId=110204&docId=238288935&qb=66y87LK0&enc=utf8§ion=kin.qna&rank=45&search_sort=3&spq=0,물체의 ()를 기준으로 하면 물체의 운동을 더 편리하게 말할 수 있다. 인데 ()가 뭘까요? 급해서요 오늘안에 답변부탁드립니다! 내공 100걸어요
2015.11.07.,빛의 반사 실험,154,https://kin.naver.com/qna/detail.nhn?d1id=11&dirId=110204&docId=238042067&qb=66y87LK0&enc=utf8§ion=kin.qna&rank=49&search_sort=3&spq=0,빛의 반사 실험 중에 암실? 암막? 이용해서 하는 실험이 무엇이 있는지 알려주세요아니면 우리는 빛의 반사때문에 거울에 비친 물체의 모습을 볼 수 있다라는 것을 알려줄 수 있는 실험이라도..... 부탁드릴게요
2015.11.05.,과학 실험이 있는데...,72,https://kin.naver.com/qna/detail.nhn?d1id=11&dirId=110204&docId=237813982&qb=66y87LK0&enc=utf8§ion=kin.qna&rank=50&search_sort=3&spq=0,"5학년 과학 실험이 있어요3단원 물체의 빠르기라고 있는데 그 풍선자동차 누가 빨리 갈까 하거든요?근데 어떻게 만들어야 빨리가고, 멀리가는지 알려주세요그리고 바퀴는 어디서 구할까요제가 자동차 장난감이 있어야 말이죠그리고 빨대 한쪽 끝은 굵고 한쪽은 얇은거 있을까요그리고 재료는 어떻게 할까요흠흠 좀 많으니까 정리할게요 풍선자동차에 대한 질문들1. 어떻게 만들어야 빨리가고 멀리갈까?2. 바퀴는 어디서 구할까?3. 빨대 한 쪽 끝은 굵고 한 쪽 끝은 얇은게 있을까?4. 재료는 어떻게 할까? ※내공냠냠, 욕설 신고합니다※"
2015.10.02.,그림자가 있는 것과 없는 것,323,https://kin.naver.com/qna/detail.nhn?d1id=11&dirId=110204&docId=235537946&qb=66y87LK0&enc=utf8§ion=kin.qna&rank=62&search_sort=3&spq=0,"그림자가 있는 것과그림자가 없는 것을 예시를 보이며 아이들에게 설명해 주려고 합니다. 그림자가 있는 대표적인 물건, 물체들과그림자가 없는(혹은 잘 생기지 않는) 물건, 물체를 알려주세요. 검색해 보니 그림자가 없는 물체는 없다고 하는데...그래도 눈에 잘 띄지 않는 물이라던가... 유리 등과 같은예시용 물체를 알려주시면 좋겠습니다."
2015.09.10.,정전기 확인 과학키트,"1,220",https://kin.naver.com/qna/detail.nhn?d1id=11&dirId=110204&docId=234014997&qb=66y87LK0&enc=utf8§ion=kin.qna&rank=70&search_sort=3&spq=0,옛날에 킨텍스에가서 여러 과학실험을 해보았는데어떤 물체에 정전기가있다면 정전기를 확인할수 있는 물건으로 그 물체에 접촉하면 불빛이나는 것을 만들었습니다그 정전기를 확인할수 있는 물건을 직접 만들건데과학 키트로 파나요??판다면 주소와 가격을 부탁드립니다..
2015.08.31.,물체의 낙하속도,354,https://kin.naver.com/qna/detail.nhn?d1id=11&dirId=110204&docId=233340335&qb=66y87LK0&enc=utf8§ion=kin.qna&rank=74&search_sort=3&spq=0,"물체의 낙하속도의 모든것을 알려줘요. 제발아는거 전부 다제가 원격과제때문에 숙제를 하는데 물체에 대한 낙하속도란 : 이렇게 할꺼거든여 진공상태, 등등 다좀 알려주세요 내공 만땅"
2015.08.23.,초등과학ㅡ각 지문에 해당하는 물질과 물체를 답변해주세.,63,https://kin.naver.com/qna/detail.nhn?d1id=11&dirId=110204&docId=232679198&qb=66y87LK0&enc=utf8§ion=kin.qna&rank=83&search_sort=3&spq=0,"1. 담는 그릇에 따라 모양과 양이 변한다.2. 담는 그릇에 따라 모양은 변하지만, 양은 변하지 않는다.3. 담는 그릇에 따라 모양과 크기가 변하지 않는다.기체인지 고체인지 어떤것이 액체인지요?각 지문에 해당하는 물질과 물체를 답변해주세요.ex) 물, 식초, 연필, 산소, 식용유"
2015.07.27.,우리 눈의 비밀,38,https://kin.naver.com/qna/detail.nhn?d1id=11&dirId=110204&docId=230510680&qb=66y87LK0&enc=utf8§ion=kin.qna&rank=95&search_sort=3&spq=0,"형광등을 키고 자는데 듬성듬성 만들어진 여름용 이불 사이로 작고 동그란 형광등이 보였어요 근데 눈을 한번 깜빡거리니 그 형광등에 속눈썹이 비췄어요 잘 보니까, 그 형광등에 비친 속눈썹이 거꾸로 비췄어요 6학년 교육 과정에서는 볼록렌즈를 눈과 물체 모두에 한 팔 거리 이상으로 볼 때만 물체가 거꾸로 보인다고 나와있는데, 우리 눈은 왜 렌즈와 눈 사이의 거리를 한 뼘, 그리고 렌즈와 물체 사이의 거리는 한 팔을 벌렸는데도 거꾸로 보일까요? "
2015.07.25.,초등 과학 4학년 1학기 무게재기 단원) 용수철 저울과 윗접시 저울,"2,024",https://kin.naver.com/qna/detail.nhn?d1id=11&dirId=110204&docId=230295907&qb=66y87LK0&enc=utf8§ion=kin.qna&rank=96&search_sort=3&spq=0,"용수철 저울은 무게를 재는 도구이고, 윗접시 저울은 분동 비교를 통해 질량을 잴 수 있다고 알고 있습니다.그런데 용수철 저울로는 질량을 잴 수 없다고 하는데그렇다면 윗접시 저울에서 분동으로 무게를 재었을 때 80g이 나온 물체를용수철 저울에 달면 80g이 나오나요?안나온다면 왜,나온다면 용수철 저울에서 가리키는 g이 무게인지, 질량인지 가르쳐주세요."
2015.07.13.,과학 쉬운 것,32,https://kin.naver.com/qna/detail.nhn?d1id=11&dirId=110204&docId=229495817&qb=66y87LK0&enc=utf8§ion=kin.qna&rank=102&search_sort=3&spq=0, 물에서는 가라앉는데 설탕물에서는 뜨는 물체
2015.07.08.,5학년 과학,40,https://kin.naver.com/qna/detail.nhn?d1id=11&dirId=110204&docId=229154082&qb=66y87LK0&enc=utf8§ion=kin.qna&rank=105&search_sort=3&spq=0,왜 용액의 진하기가 진할수록 방울토마토같은 물체들이 뜨나요?
2015.07.08.,6학년 과학 빛의 성질,"1,700",https://kin.naver.com/qna/detail.nhn?d1id=11&dirId=110204&docId=229138943&qb=66y87LK0&enc=utf8§ion=kin.qna&rank=106&search_sort=3&spq=0,저희 과학쌤이 서술형 문제에 창밖에 물체를 어떻게 볼 수 있는지 빛의 3가지 성질을 이용하여 쓰는 거래요내일 시험인데 답변 부탁드립니다.
2015.07.08.,오목렌즈로 물체를 볼 때 물체가 작고 똑바로 보이는 까닭,88,https://kin.naver.com/qna/detail.nhn?d1id=11&dirId=110204&docId=229058268&qb=66y87LK0&enc=utf8§ion=kin.qna&rank=107&search_sort=3&spq=0,오목렌즈로 물체를 볼 때 물체가 작고 똑바로 보이는 까닭은 무엇인가요? 최대한 빨리 부탁드립니다.
2015.07.05.,근시경우 로 가까이 있는물체와 멀리있는 물체를 볼때의 결과 비교를 아려주세요ㅠ ㅠ  내공 20겁니다.,236,https://kin.naver.com/qna/detail.nhn?d1id=11&dirId=110204&docId=228926018&qb=66y87LK0&enc=utf8§ion=kin.qna&rank=109&search_sort=3&spq=0,근시경우 로 가까이 있는물체와 멀리있는 물체를 볼때의 결과 비교를 아려주세요 내공 20겁니다.
2015.07.02.,간이 사진기 원리,"1,100",https://kin.naver.com/qna/detail.nhn?d1id=11&dirId=110204&docId=228623781&qb=66y87LK0&enc=utf8§ion=kin.qna&rank=115&search_sort=3&spq=0,"진짜 급해서 그런데 간이사진기의 원리를 간추려서 핵심만 써주세요 제발 간이 사진기가 볼록렌즈를 검은 골판지에 돌돌 싸서 고무줄로 묶고 @/&:₩₩:&)""₩83₩:&@-₩.!하는거고요 간이사진기로 물체를 보면 물체가 거꾸로 보이는데 그 이유도 같이 핵심만 적어주세요. 내공 90!!"
2015.06.29.,과학질문좀요,35,https://kin.naver.com/qna/detail.nhn?d1id=11&dirId=110204&docId=228463489&qb=66y87LK0&enc=utf8§ion=kin.qna&rank=117&search_sort=3&spq=0,한쪽눈은가리고 남은한쪽눈만으로물체를보면 두눈으로볼때와 어떻게다르나요???오늘안에 부탁드립니다..
2015.06.29.,볼록렌즈와오목렌즈,"4,580",https://kin.naver.com/qna/detail.nhn?d1id=11&dirId=110204&docId=228407702&qb=66y87LK0&enc=utf8§ion=kin.qna&rank=120&search_sort=3&spq=0,볼록렌즈와 오목렌즈 차이점 좀 알려주세요한팔거리에 있는 물체는 잘 안보인다이런 식으로 자세하게 써주세요 
2015.06.27.,자석을이용한물체,31,https://kin.naver.com/qna/detail.nhn?d1id=11&dirId=110204&docId=228168510&qb=66y87LK0&enc=utf8§ion=kin.qna&rank=123&search_sort=3&spq=0,자석을 이용한 물체랑 그물체에 이용된 자석의 성질좀 알려주세요 급합니다!!!!
2015.06.24.,1ml당 몇그램이에여?,703,https://kin.naver.com/qna/detail.nhn?d1id=11&dirId=110204&docId=227809094&qb=66y87LK0&enc=utf8§ion=kin.qna&rank=127&search_sort=3&spq=0, 제가 주사기 무게 측정기를 만들건데 주사기에 1ml가 밀릴때마다 물체는 몇그램인지 몰라서 문제입니다알려주세요 위의 그림이 대강 그린 모습입니다 위에잇는것이 철판이고 그위에 물체를 올려노면 그바로밑에 주사기가 눌리면서 바닥에 붙어있는 주사기의 피스톤이 -)이 방향으로 밀립니다.그럴때1ml눈금까지 눌리면 약 몇 그램입니까?채택내공 100
2015.06.19.,6학년과학대물렌즈문젠데요..작은물체에서온빛을모이게하여접안렌즈앞에물체의모습을크고( )맺히게함에서빈공간에답을모르겠거든요....,77,https://kin.naver.com/qna/detail.nhn?d1id=11&dirId=110204&docId=227529642&qb=66y87LK0&enc=utf8§ion=kin.qna&rank=131&search_sort=3&spq=0,$$$$$
2015.06.15.,왜 이렇게 보이는 건가요? (急)!,42,https://kin.naver.com/qna/detail.nhn?d1id=11&dirId=110204&docId=227451790&qb=66y87LK0&enc=utf8§ion=kin.qna&rank=132&search_sort=3&spq=0,과학을 하면서 궁금증이 생기네요. 6학년 학생 입니다.3. 렌즈의 이용 배우면서 볼록렌즈로 한팔길이로 두고 한팔 멀리있는 물체를 보면.....거꾸로 보이죠? 왜 이렇게 보이는 건가요? 답변 부탁드립니다!!8시까지 급합니다
2015.06.15.,오목렌즈는 빛을 '퍼지게' 하는데 물체가 '작게' 보이는 이유,42,https://kin.naver.com/qna/detail.nhn?d1id=11&dirId=110204&docId=227441173&qb=66y87LK0&enc=utf8§ion=kin.qna&rank=133&search_sort=3&spq=0,제목 그대로입니다.오목렌즈는 빛을 퍼지게 하는 성질을 가지고 있는데 왜 물체를 보면 작게 보이나요?자세하고 성의있는 답변 부탁해요.
2015.07.05.,빛을 굴절 시키는 렌즈의 성질을 이용했을 때의 좋은 점은 무엇인가요?,195,https://kin.naver.com/qna/detail.nhn?d1id=11&dirId=110204&docId=227390284&qb=66y87LK0&enc=utf8§ion=kin.qna&rank=134&search_sort=3&spq=0,6학년 1학기 과학 3단원 렌즈의 이용을 단원평가 봤는데요... 이 문제가 틀리기도 했고 잘 이해가 안되서 질문합니당!ㅎㅎ 빛을 굴절시키는 렌즈의 성질을 이용했을 때의 좋은 점은 무엇인가요?1.어두운 곳에 빛을 비춰 밝게 만들 수 있습니다.2.굽은 도로의 보이지 않는 곳을 볼 수 있게 합니다.3.멀리 떨어져 있는 물체의 모습을 크게 볼 수 있습니다.4.힘을 들이지 않고도 무거운 물체를 옮길 수 있습니다.5.소리를 크게 해서 멀리서도 작은 소리를 들을 수 있습니다. 

이후 900줄은 길어서... 생략함.
